full,structured_model,random_model
0.42714570858283435,0.45681381957773515,0.46124763705103966
